Number,Elapsed,Statement,Feedback,Rows
1,0.03,"CREATE TABLE Programas ( 
    ID_Programa NUMBER GENERATED B",Table created.,0
2,0.04,"CREATE TABLE Cursos ( 
    ID_Curso NUMBER GENERATED BY DEFA",Table created.,0
3,0.02,"CREATE TABLE Modulos ( 
    ID_Modulo NUMBER GENERATED BY DE",Table created.,0
4,0.02,"CREATE TABLE Catalogo_Competencias ( 
    ID_Competencia NUM",Table created.,0
5,0.03,"CREATE TABLE Modulo_Competencias ( 
    ID_Associacao NUMBER",Table created.,0
6,0.02,"CREATE TABLE Catalogo_Medalhas ( 
    ID_Medalha NUMBER GENE",Table created.,0
7,0.04,"CREATE TABLE Competencia_Medalhas ( 
    ID_Associacao NUMBE",Table created.,0
